address,state,provAbortion
"1511 Starling Drive, Richmond, VA 23229",VA,Provides Abortions
"16601 NE 19th Ave, North Miami Beach, FL 33162",FL,Provides Abortions
"375 E. 49th St. Suite #2, Hialeah, FL 33013",FL,Provides Abortions
"1919 Gillespie St., Fayetteville, NC 28306",NC,Provides Abortions
"491 N Cleveland Ave., Winston-Salem, NC 27101",NC,Provides Abortions
"952 East 25th Street, Hialeah, FL 33013",FL,Provides Abortions
"531 Forest Parkway, Suite 100, Forest Park, GA 30297",GA,Provides Abortions
"2903 Professional Parkway, Augusta, GA 30907",GA,Provides Abortions
"3220 Latrobe Dr., Charlotte, NC 28211",NC,Provides Abortions
"1604 Jones Franklin Rd., Raleigh, NC 27606",NC,Provides Abortions
"891 Norfolk Square, Norfolk, VA 23502",VA,Provides Abortions
"68 N. East 167th Street, North Miami, FL 33162",FL,Provides Abortions
"3829 Hollywood Blvd., Suite C, Hollywood, FL 33021",FL,Provides Abortions
"18400 NW 75th Place #118, Hialeah, FL 33015",FL,Provides Abortions
"421 North Wendover Road, Charlotte, NC 28211",NC,Provides Abortions
"4131 University Blvd S., Building #2, Jacksonville, FL 32216",FL,Provides Abortions
"1933 West 60th Street, Hialeah, FL 33012",FL,Provides Abortions
"503 South 12th Street, Ft. Pierce, FL 34950",FL,Provides Abortions
"2425 Randleman Road, Greensboro, NC 27406",NC,Provides Abortions
"3305 Drake Circle, Raleigh, NC, 27607",NC,Provides Abortions
"1125 E 17th St, Suite East-108, Santa Ana, CA 92701",CA,Provides Abortions
"7908 W. Sahara Ave., Las Vegas, NV 89117",NV,Provides Abortions
"1670 East Flamingo Road, Suite C, Las Vegas, NV 89119",NV,Provides Abortions
"2505 N. Shepherd Dr. St. 201, Houston, TX 77008",TX,Provides Abortions
"10 Southwest 44th Avenue, Plantation, FL 33317",FL,Provides Abortions
"516 Easton Ave, Somerset, NJ 08873",NJ,Provides Abortions
"800 2nd Avenue, 6th Floor, New York, NY 10017",NY,Provides Abortions
"2453 Wilcox Drive, Norman, OK 73069",OK,Provides Abortions
"10401 Old Georgetown Road, Suite 104, Bethesda, MD 20814",MD,Provides Abortions
"1615 East Osborn Road, Phoenix, AZ 85016",AZ,Provides Abortions
"2742 S.W. 8th Street Suite #20, Miami, FL 33135",FL,Provides Abortions
"1428 N. Farwell Avenue, Milwaukee, WI 53202",WI,Provides Abortions
"1011 Monticello Court, Montgomery, AL 36117",AL,Provides Abortions
"7402 John Smith Dr, #101, San Antonio, TX 78229",TX,Provides Abortions
"5999 Stevenson Ave. Suite 403, Alexandria, VA 22304",VA,Provides Abortions
"737 Spokane Avenue, Whitefish, MT 59937",MT,Provides Abortions
"401 Castle Creek Road, Aspen, CO 81611",CO,Provides Abortions
"1450 E Valley Rd, Basalt, CO 81621",CO,Provides Abortions
"444 Community Drive, LL 3, Manhasset, NY 11030",NY,Provides Abortions
"9730 3rd Ave NE, Suite 200, Seattle, WA 98115",WA,Provides Abortions
"3711 Pacific Ave #200, Tacoma, WA 98418",WA,Provides Abortions
"4131 Central Avenue, St. Petersburg, FL 33713",FL,Provides Abortions
"1135 N. W. 23rd Avenue, Suite N, Gainesville, FL 32609",FL,Provides Abortions
"1545 Huffingham Road, Jacksonville, FL 32216",FL,Provides Abortions
"14498 University Cove Place, Tampa, FL 33613",FL,Provides Abortions
"431 Maitland Avenue, Altamonte Springs, FL 32701",FL,Provides Abortions
"2700 South Tamiami Trail, Suite 5, Sarasota, FL 34239",FL,Provides Abortions
"3330 West Kennedy Blvd., Tampa, FL 33609",FL,Provides Abortions
"3677 Central Avenue, Suite H, Ft. Myers, FL 33901",FL,Provides Abortions
"4444 S. Florida Avenue, Lakeland, FL 33813",FL,Provides Abortions
"28960 U.S. Highway 19 North, Suite 110, Clearwater, FL 33761",FL,Provides Abortions
"3140 W Irving Park, Chicago, IL 60618",IL,Provides Abortions
"222 Mamaroneck Avenue, White Plains, NY 10605",NY,Provides Abortions
"120-34 Queens Boulevard, Suite 420, Kew Gardens, NY 11415",NY,Provides Abortions
"1841 Broadway, Suite #1011, New York, NY 10023",NY,Provides Abortions
"5910 Kirkwood St, Pittsburgh, PA 15206",PA,Provides Abortions
"31 South Commerce Way, Suite 100, Bethlehem, PA 18017",PA,Provides Abortions
"1930 Wilshire Boulevard, Suite 500, Los Angeles, CA 90057",CA,Provides Abortions
"8316 Arlington Blvd, Fairfax, VA 22031",VA,Provides Abortions
"224 Groveland Road, 2nd floor, Virginia Beach, VA 23452",VA,Provides Abortions
"2744 N. Western Ave, Chicago, IL 60647",IL,Provides Abortions
"110 S. River Road (US45), Suite 7, Des Plaines, IL 60016",IL,Provides Abortions
"6005 Landover Rd, Suite #6, Cheverly, MD 20785",MD,Provides Abortions
"700 N. Broad Street, Suite 202, Elizabeth, NJ 07208",NJ,Provides Abortions
"200 Grand Avenue, Suite 101, Englewood, NJ 07631",NJ,Provides Abortions
"333 Jimmie Leeds Road, Unit 5, Galloway, NJ 08205",NJ,Provides Abortions
"1345 Kuser Road, Suite 1, Hamilton, NJ 08619",NJ,Provides Abortions
"157 S. Main Street, Phillipsburg, NJ 08865",NJ,Provides Abortions
"9801 Georgia Avenue, Suite 338, Silver Spring, MD 20902",MD,Provides Abortions
"600 Somerdale Road, Suite 206, Voorhees, NJ 08043",NJ,Provides Abortions
"228 Main Street, Woodbridge, NJ 07095",NJ,Provides Abortions
"149 Vestal Parkway West, Vestal, NY 13851",NY,Provides Abortions
"25 Highland Ave., Newburyport, MA 01950",MA,Provides Abortions
"1407 North Vermont Ave, Suite A, Los Angeles, CA 90027",CA,Provides Abortions
"8631 West 3rd Street, Suite 444E, Los Angeles, CA 90048",CA,Provides Abortions
"1874 Piedmont Ave NE, Suite 570E, Atlanta, GA 30324",GA,Provides Abortions
"3114 Mercer University Drive, Suite 100, Atlanta, GA 30341",GA,Provides Abortions
"235 West Wieuca Road NE, Atlanta, GA 30342",GA,Provides Abortions
"1902 S IH-35, Suite A, Austin, TX 78704",TX,Provides Abortions
"3300 Main Street, Suite 4D, Springfield, MA 01107",MA,Provides Abortions
"725 North Street, Pittsfield, MA, 01201",MA,Provides Abortions
"330 Brookline Avenue, Boston, MA 02215",MA,Provides Abortions
"872 E. Sahara Avenue, Las Vegas, NV 89104",NV,Provides Abortions
"7360 Coral Way, Ste. 16, Miami, FL 33155",FL,Provides Abortions
"610 N. California Street, Missoula, MT 59802",MT,Provides Abortions
"One Boston Medical Center Place, Boston, MA 02118",MA,Provides Abortions
"1130 Alpine Avenue, Boulder, CO 80304",CO,Provides Abortions
"2855 Valmont Road, Boulder, CO 80301",CO,Provides Abortions
"82 21st Ave, Suite C, Longmont, CO 80501",CO,Provides Abortions
"292 S. La Cienega Blvd. #100, Beverly Hills, CA 90211",CA,Provides Abortions
"1233 NW 10th Avenue, Gainesville, FL 32601",FL,Provides Abortions
"75 Francis Street, Boston, Ma, 02115",MA,Provides Abortions
"2901 West State St, Bristol, TN 37620",TN,Provides Abortions
"2070 Eastchester Road, Bronx, NY 10461",NY,Provides Abortions
"14 Dekalb Ave, 4th Floor, Brooklyn, NY 11201",NY,Provides Abortions
"142 Joralemon Street, Suite 4CF, Brooklyn, NY 11201",NY,Provides Abortions
"14 Dekalb Ave, Brooklyn, NY 11201",NY,Provides Abortions
"106-12 Liberty Ave, Ozone Park, NY 11417",NY,Provides Abortions
"2500 Main Street, Buffalo, NY 14214",NY,Provides Abortions
"1493 Cambridge St., Cambridge, MA 02139",MA,Provides Abortions
"4141 N. 32nd Street, #105, Phoenix, AZ 85018",AZ,Provides Abortions
"1160 W Sylvania Ave, Toledo, OH 43612",OH,Provides Abortions
"6323 Georgia Ave NW, Suite 210, Washington D.C. 20011",DC,Provides Abortions
"1800 Peachtree St NW, Suite 800, Atlanta, GA 30309",GA,Provides Abortions
"4711 Golf Rd, Suite 920, Skokie, IL 60076",IL,Provides Abortions
"5002 Crossings Circle, Suite 260, Mt Juliet, TN 37122",TN,Provides Abortions
"5530 Wisconsin Ave, Chevy Chase, MD 20815",MD,Provides Abortions
"1002 W Mission Ave., Bellevue, NE 68005",NE,Provides Abortions
"263 Rainier Ave S. #200, Renton, WA 98057",WA,Provides Abortions
"509 Olive Way #1454, Seattle, WA 98101",WA,Provides Abortions
"1401-A Martin Luther King Jr Way, Tacoma, WA 98405",WA,Provides Abortions
"2020 South Clinton Avenue, Rochester, NY 14618",NY,Provides Abortions
"10215 W. Roosevelt Rd. #101, Westchester, IL 60154",IL,Provides Abortions
"4840 College Boulevard, Overland Park, KS 66211",KS,Provides Abortions
"502 Kings Highway North, Cherry Hill, NJ 08034",NJ,Provides Abortions
"89-26 Roosevelt Avenue, 2nd Floor, Jackson Heights, NY 11372",NY,Provides Abortions
"1726 Poplar Ave, Memphis, TN 38104",TN,Provides Abortions
"147-32 Jamaica Avenue, Jamaica, NY 11435",NY,Provides Abortions
"3607 West 16th Street Suite B-2, Indianapolis, IN 46222",IN,Provides Abortions
"181 West Meadow Dr. - Suite 800, Vail, CO 81657",CO,Provides Abortions
"3850 Rosemont Drive, Columbus, GA 31904",GA,Provides Abortions
"222 N. 2nd Street, Suite 206, Boise, ID 83702",ID,Provides Abortions
"619 NW 23rd Street, Oklahoma City, OK 73103",OK,Provides Abortions
"4401 W 109th Street #100, Overland Park, KS 66211",KS,Provides Abortions
"2226 E Central, Wichita, KS 67214",KS,Provides Abortions
"8111 Lowry Blvd, Denver, CO 80230",CO,Provides Abortions
"104-08 Roosevelt Avenue, 2nd Floor, Corona, Queens, NY 11368",NY,Provides Abortions
"CCMC Annex- Alexander Silberman Center, 1 Medical Center Blvd., 4th Floor, Chester, PA 19013",PA,Provides Abortions
"756 Colonial Drive, Baton Rouge, LA 70806",LA,Provides Abortions
"1900 E. Desert Inn Rd. Las Vegas, NV 89169",NV,Provides Abortions
"5501 N 19th Ave Suite 420, Phoenix AZ 85015",AZ,Provides Abortions
"642 Southern Blvd., Bronx, NY 10455",NY,Provides Abortions
"1393 Santa Rita Rd, Ste B, Pleasonton, CA 94566",CA,Provides Abortions
"216-4 Union Turnpike, Oakland Gardens, NY 11364",NY,Provides Abortions
"3114 Mercer University Drive, Suite 100, Atlanta, GA 30341",GA,Provides Abortions
"1120 19th St NW, Washington, DC 20036",DC,Provides Abortions
"124 E. 40th St. Ste 702, New York, NY 10016",NY,Provides Abortions
"5 Cornwall Court, # B4, East Brunswick, NJ 08816",NJ,Provides Abortions
"962 East Cypress Road, Fort Lauderdale, FL 33334",FL,Provides Abortions
"15921 E 8 Mile Road, Eastpointe, MI, 48021",MI,Provides Abortions
"14 DeKalb Avenue, 4th Floor, Brooklyn, NY 11201",NY,Provides Abortions
"455 W Broadway, Jackson, WY 83001",WY,Provides Abortions
"227 N. Dubuque Street, Iowa City, IA 52245",IA,Provides Abortions
"136 W. Market Street, Louisville, KY 40202",KY,Provides Abortions
"38 South Main Street, Concord, NH 03301",NH,Provides Abortions
"450 Sutter Street, Suite 1324, San Francisco, CA 94108",CA,Provides Abortions
"8603 South Dixie Highway, #102, Miami, FL 33143",FL,Provides Abortions
"900 S. Washington St., Suite 300, Falls Church, VA 22046",VA,Provides Abortions
"1331 N. 7th Street, #225, Phoenix, AZ 85006",AZ,Provides Abortions
"659 W. Washington Blvd., Chicago IL 60661",IL,Provides Abortions
"4341 N Milwaukee Ave., Chicago, IL 60641",IL,Provides Abortions
"700 E. Hebron Street, Charlotte, NC, 28273",NC,Provides Abortions
"66 Painters Mill Road, Suite 106, Owings Mills, MD 21117",MD,Provides Abortions
"1924 Cliff Valley Way NE, Atlanta, GA 30329",GA,Provides Abortions
"3599 University Boulevard South Building #1200, Jacksonville, FL 32216",FL,Provides Abortions
"150 Emory Street, Attleboro, MA 02703",MA,Provides Abortions
"288 Groveland Street, Haverhill, MA 01830",MA,Provides Abortions
"2500 H St., Bakersfield, CA 93701",CA,Provides Abortions
"7023 Owensmouth Ave, Canoga Park, CA 91303",CA,Provides Abortions
"8635 Firestone Blvd, Ste 100, Downey, CA 90241",CA,Provides Abortions
"4922 East Whittier Blvd, East Los Angeles, CA 90022",CA,Provides Abortions
"1625 E Main St #202, El Cajon, CA 92021",CA,Provides Abortions
"165 N. Clark Street, Fresno, CA 93701",CA,Provides Abortions
"372 W. Arden Ave #200, Glendale, CA 91203",CA,Provides Abortions
"301 N Prairie Ave Suite 611, Inglewood, CA 90301",CA,Provides Abortions
"2777 Long Beach Blvd, #200, Long Beach, CA 90806",CA,Provides Abortions
"601 S. Westmoreland Ave, Los Angeles, CA 90005",CA,Provides Abortions
"10200 Sepulveda Blvd, Ste #200, Mission Hills, CA 91345",CA,Provides Abortions
"2030 Coffee Rd. Ste A-1, Modesto, CA 95355",CA,Provides Abortions
"400 29th St, Ste #301, Oakland, CA 94609",CA,Provides Abortions
"1700 Lombard St #110, Oxnard, CA 93030",CA,Provides Abortions
"1996 Indian Hill Blvd, Pomona, CA 91767",CA,Provides Abortions
"3660 Park Sierra Dr., Ste #202, Riverside, CA 92503",CA,Provides Abortions
"2322 Butano Dr #205, Sacramento, CA 95825",CA,Provides Abortions
"855 E. Hospitality Ln., San Bernardino, CA 92408",CA,Provides Abortions
"2100 Forest Ave #108, San Jose, CA 95128",CA,Provides Abortions
"1901 N.Tustin Ave, Santa Ana, CA 92705",CA,Provides Abortions
"12304 Santa Monica Blvd., #116, Los Angeles, CA 90025",CA,Provides Abortions
"41715 Winchester Rd. #204, Temecula, CA 92590",CA,Provides Abortions
"24241 Hawthorne Blvd, Unit 201, Torrance, CA 90505",CA,Provides Abortions
"501 S Vincent Ave Suite 205, West Covina, CA 91790",CA,Provides Abortions
"43845 10th St W #1E, Lancaster, CA 93534",CA,Provides Abortions
"25 Lindsley Dr., Suite 101, Morristown, NJ 07960",NJ,Provides Abortions
"601 Ewing Street, Suite A-3, Princeton, NJ 08540",NJ,Provides Abortions
"4000 Victory Blvd, Staten Island, NY 10314",NY,Provides Abortions
"1142 Grove Road, Greenville, SC 29605",SC,Provides Abortions
"17 Fontana Lane, Suite 201, Rosedale, MD 21237",MD,Provides Abortions
"100 Cummings Center, Suite 110-E, Beverly, MA 01915",MA,Provides Abortions
"215 Summer Street, Suite 16, Haverhill, MA 01830",MA,Provides Abortions
"280 Merrimack Street, Suite 544, Lawrence, MA 01843",MA,Provides Abortions
"300 E. Hampden Ave., Suite 201, Denver, CO 80206",CO,Provides Abortions
"1155 W. Central Ave, Suite 214, Santa Ana, CA 92707",CA,Provides Abortions
"241 W Olive Ave, Burbank, CA 91502",CA,Provides Abortions
"2226 E Cesar Chavez Ave, Los Angeles, CA 90033",CA,Provides Abortions
"7024 Seville Ave, Suite A, Huntington Park, CA 90255",CA,Provides Abortions
"8349 Reseda Blvd, Northridge, CA 91324",CA,Provides Abortions
"418 San Fernando Mission Blvd, San Fernando, CA 91340",CA,Provides Abortions
"7220 Woodman Ave, Suite 106, Van Nuys, CA 91405",CA,Provides Abortions
"320 East Fulton, Grand Rapids, MI, 49503",MI,Provides Abortions
"500 E. Schuster Ave., Suite B, El Paso, TX 79902",TX,Provides Abortions
"5290 McNutt Road, Suite 106, Sunland Park, NM 88008",NM,Provides Abortions
"1602 21st Street, Granite City, IL 62040",IL,Provides Abortions
"210 Kings Highway, Shreveport, LA 71104",LA,Provides Abortions
"4820 San Jacinto, Houston, TX 77004",TX,Provides Abortions
"5225 Katy Freeway, Suite 370, Houston, TX 77007",TX,Provides Abortions
"1186 Roosevelt Road, Glen Ellyn, IL 60137",IL,Provides Abortions
"1700 75th Street, Downers Grove, IL 60516",IL,Provides Abortions
"203 E Irving Park Road, Wood Dale, IL 60191",IL,Provides Abortions
"2415 S. Michigan Avenue, Chicago, IL 60616",IL,Provides Abortions
"2903 North State Street, Jackson, MS 39216",MS,Provides Abortions
"271 Newark Ave, Jersey City, NJ 07302",NJ,Provides Abortions
"1323 Stuyvesant Avenue, Union, NJ 07083",NJ,Provides Abortions
"559 Portsmouth Ave, Greenland, NH 03840",NH,Provides Abortions
"3144 John F. Kennedy Blvd., Jersey City, NJ 07305",NJ,Provides Abortions
"1547 W. Clinch Avenue, Knoxville, TN 37916",TN,Provides Abortions
"4 Office Park Drive, Little Rock, AR 72211",AR,Provides Abortions
"933 NW 25th Avenue, Portland, OR 97210",OR,Provides Abortions
"700 Mount Hope Avenue, Suite 420, Bangor ME 04401",ME,Provides Abortions
"43 Gabriel Drive, Augusta, ME, 04330",ME,Provides Abortions
"68 Mount Hope Avenue, Bangor, ME 04401",ME,Provides Abortions
"147 Waldo Avenue, Belfast, ME 04915",ME,Provides Abortions
"10 Barker St Suite D, Calais, ME 04619",ME,Provides Abortions
"767 Main Street, Damariscotta, ME 04543",ME,Provides Abortions
"311 Corinna Road, Dexter, ME 04930",ME,Provides Abortions
"248 State Street, Ellsworth, ME 04605",ME,Provides Abortions
"193 Front Street, Farmington, ME 04938",ME,Provides Abortions
"139 Market Street, Fort Kent, ME 04743",ME,Provides Abortions
"91 Military Street, Houlton, ME 04730",ME,Provides Abortions
"179 Lisbon Street, Lewiston, ME 04240",ME,Provides Abortions
"247 Main Street, Machias, ME 04654",ME,Provides Abortions
"9 Marston Street, Norway, ME 04268",ME,Provides Abortions
"5 Martin Street, Presque Isle, ME 04769",ME,Provides Abortions
"22 White Street, Rockland, ME 04841",ME,Provides Abortions
"218 Penobscot Street, Rumford, ME 04276",ME,Provides Abortions
"188 Madison Avenue, Skowhegan, ME 04976",ME,Provides Abortions
"18 Silver Street, Waterville, ME 04901",ME,Provides Abortions
"77 Gilcreast Road, Suite 1000, Londonderry, NH 03053",NH,Provides Abortions
"150 Tarrytown Rd, Manchester, NH 03103",NH,Provides Abortions
"106 Irving Street NW, Physicians Office Building, Suite 4400 North Tower, Washington, DC 20010",DC,Provides Abortions
"Princeton Executive Square, 5625 Allentown Rd.Suite #203, Camp Springs, MD 20746",MD,Provides Abortions
"5915 Greenbelt Rd, College Park, MD 20740",MD,Provides Abortions
"9063 Shady Grove Court, Gaithersburg, MD 20877",MD,Provides Abortions
"40 Engle Street, Englewood, NJ 07631",NJ,Provides Abortions
"7777 North University Drive, Suite 102, Ft. Lauderdale, FL 33321",FL,Provides Abortions
"425 S. Cherry Street, Suite 300, Denver, CO 80246",CO,Provides Abortions
"8200 E Belleview Ave., Suite #320, Englewood, CO 80111",CO,Provides Abortions
"9370 SW 72nd St A104, Miami, FL 33173",FL,Provides Abortions
"6161 Miramar Parkway, Suite 300, Miramar, FL 33023",FL,Provides Abortions
"330 Mount Auburn St, Cambridge, MA 02138",MA,Provides Abortions
"1530 Ellis Street, Bellingham, WA 98225",WA,Provides Abortions
"1805 E Division Street, Mount Vernon, WA 98274",WA,Provides Abortions
"4903 W. Pico Blvd. #202, Los Angeles, CA 90019",CA,Provides Abortions
"7232 Van Nuys Blvd. Suite 202, Van Nuys, CA 91405",CA,Provides Abortions
"1990 Central Park Avenue, Yonkers, NY 10710",NY,Provides Abortions
"400-B Crutchfield Street, Durham, NC, 27704",NC,Provides Abortions
"2412 West Plaza Drive, Tallahassee, FL 32308",FL,Provides Abortions
"2127 State Road, Cuyahoga Falls, OH 44223",OH,Provides Abortions
"3461 Warrensville Center Rd. Suite 202, Shaker Heights, OH 44122",OH,Provides Abortions
"24450 Evergreen Road, Suite 220, Southfield, MI, 48075",MI,Provides Abortions
"3810 17 Mile Rd., Suite 1, Sterling Heights, MI, 48310",MI,Provides Abortions
"35000 Ford Rd., Suite 3, Westland, MI, 48185",MI,Provides Abortions
"8363 Meadow Road, Dallas, TX 75231",TX,Provides Abortions
"79-01 Broadway, Elmhurst, NY 11373",NY,Provides Abortions
"462 First Avenue (New Ambulatory Care Building), 4th Floor, Room 4023, New York, NY 10016",NY,Provides Abortions
"2601 Ocean Parkway, Brooklyn, NY 11235",NY,Provides Abortions
"506 Lenox Avenue, New York, NY 10037",NY,Provides Abortions
"1400 Pelham Parkway South, Bldg. 5, 7th Floor, Bronx, NY 10461",NY,Provides Abortions
"451 Clarkson Avenue, E Building, Brooklyn, NY 11203",NY,Provides Abortions
"234 East 149th Street, Bronx, NY 10451",NY,Provides Abortions
"1901 First Avenue, New York, NY 10029",NY,Provides Abortions
"3424 Kossuth Avenue, Bronx, NY 10467",NY,Provides Abortions
"6210 Old National Highway, College Park, GA 30349",GA,Provides Abortions
"102 Candlewood Commons, Howell, NJ 07731",NJ,Provides Abortions
"1024 Park Avenue, Suite 4, Plainfield, NJ 07060",NJ,Provides Abortions
"2001 W. Oakland Park Blvd., Ft. Lauderdale, FL 33311",FL,Provides Abortions
"1103 Lucerne Terrace, Orlando, FL 32806",FL,Provides Abortions
"502 South Magnolia Avenue, Tampa, FL 33606",FL,Provides Abortions
"2100 Webster Street, Suite 319, San Francisco, CA 94115",CA,Provides Abortions
"800 2nd Avenue, Suite 605, New York, NY 10017",NY,Provides Abortions
"4500 East 9th Avenue, Suite 700, Denver, CO 80246",CO,Provides Abortions
"10758A Jefferson Avenue, Newport News, VA 23601",VA,Provides Abortions
"Hospital of the University of Pennsylvania, 1 Ravdin, 3400 Spruce Street, Philadelphia, PA 19104",PA,Provides Abortions
"Penn Medicine Washington Square 10th Floor, 800 Walnut Street, Philadelphia, PA 19107",PA,Provides Abortions
"777 Appletree Street, 7th Floor, Philadelphia, PA 19106",PA,Provides Abortions
"393 Bloomfield Avenue, Montclair, NJ 07042",NJ,Provides Abortions
"900 Ferry St. Wenatchee, WA 98801",WA,Provides Abortions
"2500 S. Woodlands Village Blvd, Flagstaff, AZ 86001",AZ,Provides Abortions
"5771 W. Eugie, Glendale, AZ 85304",AZ,Provides Abortions
"2255 N. Wyatt Dr., Tuscon, AZ 85712",AZ,Provides Abortions
"1837 E Baseline Rd, Tempe, AZ 85283",AZ,Provides Abortions
"160 South 1000 East, Suite 120, Salt Lake City, UT 84102",UT,Provides Abortions
"743 Pismo Street, San Luis Obispo, CA 93401",CA,Provides Abortions
"518 Garden Street, Santa Barbara, CA 93101",CA,Provides Abortions
"415 E Chapel Street, Santa Maria, CA 93454",CA,Provides Abortions
"1200 W. Hillcrest Dr., Thousand Oaks, CA 91320",CA,Provides Abortions
"5400 Ralston Street, Ventura, CA 93003",CA,Provides Abortions
"4600 Gulf Freeway, Ste. 300, Houston, TX 77023",TX,Provides Abortions
"12614 Southwest Freeway, Suite A, Stafford, TX 77477",TX,Provides Abortions
"12220 SW First St., Suite 200, Beaverton, OR 97005",OR,Provides Abortions
"2330 NE Division St., Suite 7, Bend, OR 97703",OR,Provides Abortions
"14411 SE McLoughlin Blvd, Milwaukie, OR 97267",OR,Provides Abortions
"3727 NE Martin Luther King Jr. Boulevard, Portland, OR 97212",OR,Provides Abortions
"3825 Wolverine St., NE, Salem, OR 97305",OR,Provides Abortions
"11516 SE Mill Plain Blvd, Vancouver, WA 98684",WA,Provides Abortions
"1501 Aldersgate Rd. Little Rock, AR 72205",AR,Provides Abortions
"755 New York Ave, Huntington, NY 11743",NY,Provides Abortions
"6 Gramatan Avenue, 4th Floor, Mt. Vernon, NY 10550",NY,Provides Abortions
"247-249 North Ave, New Rochelle, NY 10801",NY,Provides Abortions
"450 Waverly Ave, Patchogue, NY 11772",NY,Provides Abortions
"877 E Main Street, Ste. 109, Riverhead, NY 11901",NY,Provides Abortions
"70 Maple Ave, Smithtown, NY 11787",NY,Provides Abortions
"25 Perlman Drive, Spring Valley, NY 10977",NY,Provides Abortions
"180 Sunrise Highway, West Islip, NY 11795",NY,Provides Abortions
"175 Tarrytown Road, White Plains, NY 10607",NY,Provides Abortions
"20 S Broadway, Yonkers, NY 10701",NY,Provides Abortions
"29 North Ninth Street, Allentown, PA 18101",PA,Provides Abortions
"1514 North Second Street, Harrisburg, PA 17102",PA,Provides Abortions
"48 South Fourth Street, Reading, PA 19602",PA,Provides Abortions
"610 Louis Drive, Warminster, PA 18974",PA,Provides Abortions
"101 N. Main Street, Wilkes-Barre, PA 18701",PA,Provides Abortions
"728 South Beaver St, York, PA 17401",PA,Provides Abortions
"470 Pleasant Street, Worcester, MA 01609",MA,Provides Abortions
"1055 Commonwealth Avenue, Boston, MA 02215",MA,Provides Abortions
"3550 Main Street, Suite 201, Springfield, MA 01107",MA,Provides Abortions
"533 E. Palmdale Boulevard, Ste. 533-A1, Palmdale, CA 93550",CA,Provides Abortions
"1057 Kingston Avenue, Los Angeles, CA 90033",CA,Provides Abortions
"916 W Burbank Blvd. #M, Burbank, CA 91506",CA,Provides Abortions
"21001 Sherman Way #9, Canoga Park, CA 91303",CA,Provides Abortions
"661 East University Drive, Carson, CA 90746",CA,Provides Abortions
"4402 East Compton Blvd Suite #104, Compton, CA 90221",CA,Provides Abortions
"8520 So. Broadway, Los Angeles, CA 90003",CA,Provides Abortions
"5068 Whittier Blvd, Los Angeles, CA 90022",CA,Provides Abortions
"4786 N. Peck Rd, Ste. B, El Monte, CA 91732",CA,Provides Abortions
"1014 1/2 N Vermont Ave, Los Angeles, CA 90029",CA,Provides Abortions
"7655 Greenleaf Ave, Whittier, CA 90602",CA,Provides Abortions
"5525 E Del Amo Blvd., Lakewood, CA 90713",CA,Provides Abortions
"2690 Pacific Avenue, STE 370, Long Beach, CA 90806",CA,Provides Abortions
"1550 N Garey Ave, Pomona, CA 91767",CA,Provides Abortions
"400 West 30th St, Los Angeles, CA 90007",CA,Provides Abortions
"1316 3rd Street Promenade, Suite 201, Santa Monica, CA 90401",CA,Provides Abortions
"14623 Hawthorne Blvd #300, Lawndale, CA 90260",CA,Provides Abortions
"7100 Van Nuys Blvd., Suite 108, Van Nuys, CA 91405",CA,Provides Abortions
"825 N. San Vicente Blvd., West Hollywood, CA 90069",CA,Provides Abortions
"201 29th Street, Ste. B, Sacramento, CA 95816",CA,Provides Abortions
"2633 16th Street, Bakersfield, CA 93301",CA,Provides Abortions
"5440 Thornwood Drive, San Jose, CA 95123",CA,Provides Abortions
"8480 Enterprise Way, Oakland, CA 94621",CA,Provides Abortions
"678 N Wilson Way #G, Stockton, CA 95205",CA,Provides Abortions
"3131 Alum Rock Avenue, San Jose, CA 95127",CA,Provides Abortions
"6095 N. 1st Street, Fresno, CA 93710",CA,Provides Abortions
"455 W. 5th Street Reno, NV 89503",NV,Provides Abortions
"5385 Franklin Blvd., Suite A-D, Sacramento, CA 95820",CA,Provides Abortions
"650 N. Fulton Street, Fresno, CA 93728",CA,Provides Abortions
"760 Renz Lane, Gilroy, CA 95020",CA,Provides Abortions
"1032 A Street, Hayward, CA 94541",CA,Provides Abortions
"500 E. Almond Suite #1, Madera, CA 93637",CA,Provides Abortions
"3166 Collins Dr., Merced, CA 95348",CA,Provides Abortions
"2500 California Street, Mountain View, CA 94040",CA,Provides Abortions
"5700 Watt Ave., North Highlands, CA 95660",CA,Provides Abortions
"4555 Precissi Lane, Stockton, CA 95207",CA,Provides Abortions
"2907 El Camino Real, Redwood City , CA 94061",CA,Provides Abortions
"729 Sunrise Ave. Suite 900, Roseville, CA 95661",CA,Provides Abortions
"316 N. Main Street, Salinas, CA 93901",CA,Provides Abortions
"1691 The Alameda, San Jose, CA 95126",CA,Provides Abortions
"29 Baywood Ave, San Mateo, CA 94402",CA,Provides Abortions
"625 Hilby Ave, Seaside, CA 93955",CA,Provides Abortions
"435 Grand Avenue, South San Francisco, CA 94080",CA,Provides Abortions
"1441 N. Tracy Blvd., Tracy, CA 95376",CA,Provides Abortions
"398 South Green Valley Road, Watsonville, CA 95076",CA,Provides Abortions
"1682 7th Street, Oakland, CA 94607",CA,Provides Abortions
"1119 Pacific Ave. Suite 200, Santa Cruz, CA 95060",CA,Provides Abortions
"520 Cottonwood Street, Suite 10, Woodland, CA 95695",CA,Provides Abortions
"430 Palora Ave #G, Yuba City, CA 95991",CA,Provides Abortions
"2530 Chamberlain Street, Ames, IA 50014",IA,Provides Abortions
"2520 Melrose Drive, Suite L, Cedar Falls, IA 50613",IA,Provides Abortions
"1604 2nd Ave, Council Bluffs, IA 51501",IA,Provides Abortions
"5631 S. 48th Street, Lincoln, NE 68516",NE,Provides Abortions
"3105 N. 93rd St, Omaha, NE 68134",NE,Provides Abortions
"1212 7th St. NW, Rochester, MN 55901",MN,Provides Abortions
"1000 E. Army Post Road, Des Moines, IA 50315",IA,Provides Abortions
"6511 West 41st Street, Sioux Falls, SD 57106",SD,Provides Abortions
"671 Vandalia St., St. Paul, MN 55114",MN,Provides Abortions
"1104 Buchanan Road #C10, Antioch, CA 94509",CA,Provides Abortions
"3100 Cohasset Rd., Chico, CA 95973",CA,Provides Abortions
"14671 Olympic Drive, Clearlake, CA 95422",CA,Provides Abortions
"2185 Pacheco Street, Concord, CA 94520",CA,Provides Abortions
"320 El Cerrito Plaza, El Cerrito, CA 94530",CA,Provides Abortions
"3225 Timber Fall Court, Suite B, Eureka, CA 95503",CA,Provides Abortions
"1325 Travis Blvd. #C, Fairfield, CA 94533",CA,Provides Abortions
"2970 Hilltop Mall Rd #307, Richmond, CA 94806",CA,Provides Abortions
"1735 Jefferson St, Napa, CA 94559",CA,Provides Abortions
"2935 Bechelli Lane, Redding, CA 96002",CA,Provides Abortions
"1650 Valencia St, San Francisco, CA 94110",CA,Provides Abortions
"2 H Street, San Rafael, CA 94901",CA,Provides Abortions
"200 Porter Drive, Suite 200, San Ramon, CA 94583",CA,Provides Abortions
"1140 Sonoma Ave Building 3, Santa Rosa, CA 95405",CA,Provides Abortions
"242-A Hospital Drive, Ukiah, CA 95482",CA,Provides Abortions
"303 Sacramento Street, Vallejo, CA 94590",CA,Provides Abortions
"1357 Oakland Blvd., Walnut Creek, CA 94596",CA,Provides Abortions
"2824 W Ridge Road, Rochester, NY 14626",NY,Provides Abortions
"222 W Main Street, Batavia, NY 14020",NY,Provides Abortions
"2697 Main Street, Buffalo, NY 14214",NY,Provides Abortions
"15 LaFayette Avenue, Canandiagua, NY 14424",NY,Provides Abortions
"750 Portage Road, Niagara Falls, NY 14301",NY,Provides Abortions
"15 Webster Street, North Tonawanda, NY 14120",NY,Provides Abortions
"114 University Avenue, Rochester, NY 14605",NY,Provides Abortions
"1120 E Genesee Street, Syracuse, NY 13210",NY,Provides Abortions
"Wimbledon Plaza 240 Center Road, West Seneca, NY 14224",NY,Provides Abortions
"14601 SE Division Street Portland, OR 97233",OR,Provides Abortions
"805 S Governors Ave, Dover, DE 19901",DE,Provides Abortions
"625 N Shipley Street, Wilmington, DE 19801",DE,Provides Abortions
"4803 State Highway/30 KEM Plaza, Amsterdam, NY 12010",NY,Provides Abortions
"109 Legion Drive, Cobleskill, NY 12043",NY,Provides Abortions
"35 West William Street, Corning, NY 14830",NY,Provides Abortions
"21-41 45th Rd, Queens, NY 11101",NY,Provides Abortions
"755 E. Church Street, Elmira, NY 14901",NY,Provides Abortions
"110 School Street, Glen Cove, NY 11542",NY,Provides Abortions
"7 Coates Drive, Suite 4, Goshen, NY 10924",NY,Provides Abortions
"540 Fulton Ave, Hempstead, NY 11550",NY,Provides Abortions
"111 Seneca Street, Hornell, NY 14843",NY,Provides Abortions
"620 West Seneca Street, Ithaca, NY 14850",NY,Provides Abortions
"400 North Perry Street, Johnstown, NY 12095",NY,Provides Abortions
"21 Grand Street, Kingston, NY 12401",NY,Provides Abortions
"26 Bleecker Street, New York, NY 10012",NY,Provides Abortions
"35 Carmans Road, Massapequa, NY 11758",NY,Provides Abortions
"14 Prince Street, Monticello, NY 12701",NY,Provides Abortions
"136 Lake Street, Suite 11, Newburgh, NY 12550",NY,Provides Abortions
"17 Noxon Street, Poughkeepsie, NY 12601",NY,Provides Abortions
"543 Bay Road, Queensbury, NY 12804",NY,Provides Abortions
"236 Washington Street, Saratoga Springs, NY 12866",NY,Provides Abortions
"1040 State Street, Schenectady, NY 12307",NY,Provides Abortions
"23 Hyatt Street , Staten Island, NY 10301",NY,Provides Abortions
"349 E 149th Street, 2nd Floor, Bronx, NY 10451",NY,Provides Abortions
"1424 Genesee Street, Utica, NY 13502",NY,Provides Abortions
"44 Court Street, 6th Floor, Brooklyn, NY 11201",NY,Provides Abortions
"25350 Rockside Rd, Bedford Heights, OH 44146",OH,Provides Abortions
"3255 East Main Street, Columbus, OH 43213",OH,Provides Abortions
"1511 E. Missouri Avenue, El Paso, TX 79902",TX,Provides Abortions
"201 E. Ben White Blvd - Bldg. A, Austin, TX 78704",TX,Provides Abortions
"7989 West Virginia Drive, Dallas, TX 75237",TX,Provides Abortions
"6464 John Ryan Drive - Suite A, Fort Worth, TX 76132",TX,Provides Abortions
"7426 West Bonnie Place, Kennewick, WA 99336",WA,Provides Abortions
"1525 SE King Drive, Pullman, WA 99163",WA,Provides Abortions
"123 E. Indiana Ave., Spokane, WA 99207",WA,Provides Abortions
"12104 E. Main Ave, Spokane Valley, WA 99206",WA,Provides Abortions
"828 South First Avenue, Walla Walla, WA 99362",WA,Provides Abortions
"1117 Tieton Drive, Yakima, WA 98902",WA,Provides Abortions
"3051 E. New York St., Aurora, IL 60504",IL,Provides Abortions
"5937 W Chicago Ave., Chicago, IL 60651",IL,Provides Abortions
"1319 N. Veterans Parkway, Bloomington, IL 61704",IL,Provides Abortions
"302 E Stoughton, Champaign, IL 61820",IL,Provides Abortions
"3021 N Oakland Ave, Decatur, IL 62526",IL,Provides Abortions
"6059 S. Ashland Ave., Chicago, IL 60636",IL,Provides Abortions
"19831 Governors Highway, Flossmoor, IL 60422",IL,Provides Abortions
"18 S. Michigan Avenue, Chicago, IL 60603",IL,Provides Abortions
"1200 N LaSalle Street, Chicago, IL 60610",IL,Provides Abortions
"612 Court Street, Ottawa, IL 61350",IL,Provides Abortions
"2709 N Knoxville Ave, Peoria, IL 61604",IL,Provides Abortions
"5725 North Broadway, Chicago, IL 60660",IL,Provides Abortions
"11250 S Halsted St., Chicago, IL 60628",IL,Provides Abortions
"601 N. Bruns, Springfield, IL 62702",IL,Provides Abortions
"1601 N Lewis, Waukegan, IL 60085",IL,Provides Abortions
"421 S College Ave, Bloomington, IN, 47403",IN,Provides Abortions
"8590 Georgetown Road, Indianapolis IN 46268",IN,Provides Abortions
"964 Mezzanine Dr., Lafayette, IN 47905",IN,Provides Abortions
"8645 Connecticut Street, Merrillville, IN 46410",IN,Provides Abortions
"929 West Street #200, Annapolis, MD 21401",MD,Provides Abortions
"330 North Howard Street, Baltimore, MD 21201",MD,Provides Abortions
"170 Thomas Johnson Drive, Frederick, MD 21702",MD,Provides Abortions
"1714 Joan Ave, Towson, MD 21234",MD,Provides Abortions
"8579 Commerce Drive #102, Easton, MD 21601",MD,Provides Abortions
"680 Broadway, Paterson, NJ 07505",NJ,Provides Abortions
"560 Dr. Martin Luther King Blvd. Ste. 100, East Orange, NJ 07018",NJ,Provides Abortions
"70 Adams St, Suite 13, Newark, NJ 07105",NJ,Provides Abortions
"29 N Fullerton Ave, Montclair, NJ 07042",NJ,Provides Abortions
"240 Mulberry Street Floor 1, Newark, NJ 07102",NJ,Provides Abortions
"19650 Clubhouse Road #101, Gaithersburg, MD 20879",MD,Provides Abortions
"1225 4th St. NE, Washington, DC 20002",DC,Provides Abortions
"5001 Silver Hill Road, Suite #103, Suitland, MD 20746",MD,Provides Abortions
"3100 Professional Drive, Ann Arbor, MI, 48104",MI,Provides Abortions
"4229 Cass Ave., Detroit, MI, 48201",MI,Provides Abortions
"23338 Woodward Ave., Ferndale, MI 48220",MI,Provides Abortions
"G-3371 Beecher Road, Flint, MI, 48532",MI,Provides Abortions
"425 Cherry St. SE, Grand Rapids, MI 49503",MI,Provides Abortions
"4201 W. Michigan Ave, Kalamazoo, MI, 49006",MI,Provides Abortions
"300 N. Clippert, Ste. 6, Lansing, MI 48912",MI,Provides Abortions
"1219 N. Third St., Marquette, MI 49855",MI,Provides Abortions
"1003 Spring St. Petoskey, MI 49770",MI,Provides Abortions
"1135 E. Eighth St., Traverse City, MI 49686",MI,Provides Abortions
"1500 Cannon, Helena, MT 59601",MT,Provides Abortions
"211 9th Street South, Great Falls, MT 59405",MT,Provides Abortions
"100 West Wicks Lane, Billings, MT 59105",MT,Provides Abortions
"1844 Broadwater #4, Billings, MT 59102",MT,Provides Abortions
"850 Orchard Street, Iowa City, IA 52246",IA,Provides Abortions
"90 Washington Street, Barre, VT 05641",VT,Provides Abortions
"173 St. Paul Street, Burlington, VT 05401",VT,Provides Abortions
"8 Middle Street, Keene, NH 03431",NH,Provides Abortions
"24 Pennacook Street, Manchester, NH 03104",NH,Provides Abortions
"443 Congress Street, Portland, ME 04101",ME,Provides Abortions
"79 South Main St, White River Junction, VT 05001",VT,Provides Abortions
"75 Talcott Road, Williston, VT 05495",VT,Provides Abortions
"317 Broadway, Camden, NJ 08103",NJ,Provides Abortions
"8008 Route 130N Delran, NJ 08075",NJ,Provides Abortions
"1171 Elizabeth Avenue, Elizabeth, NJ 07201",NJ,Provides Abortions
"46 N Van Brunt Street, Englewood, NJ 07631",NJ,Provides Abortions
"349 Rt 31 South Countryside Plaza, Building B, Suite 503, Flemington, NJ 08822",NJ,Provides Abortions
"800 W Main Street, Freehold, NJ 07728",NJ,Provides Abortions
"575 Main Street, Hackensack, NJ 07601",NJ,Provides Abortions
"2279 State Highway 33 Golden Crest Corporate Center - Suite 510, Hamilton Square, NJ 08690",NJ,Provides Abortions
"196 Speedwell Ave., Morristown, NJ 07960",NJ,Provides Abortions
"10B Industrial Drive, New Brunswick, NJ 08901",NJ,Provides Abortions
"8 Moran Street, Newton, NJ 07860",NJ,Provides Abortions
"450 Market Street, Perth Amboy, NJ 08861",NJ,Provides Abortions
"69 East Newman Springs Road PO Box 95, Shrewsbury, NJ 07702",NJ,Provides Abortions
"437 East State Street, Trenton, NJ 08608",NJ,Provides Abortions
"66 East Washington Avenue, Washington, NJ 07882",NJ,Provides Abortions
"303 W Lincoln #105, Anaheim, CA 92805",CA,Provides Abortions
"15403 Park Ave E., Victorville, CA 92392",CA,Provides Abortions
"1520 Nutmeg Place Suite 101, Costa Mesa, CA 92626",CA,Provides Abortions
"26137 La Paz Road #200, Mission Viejo, CA 92691",CA,Provides Abortions
"700 S Tustin Street, Orange, CA 92866",CA,Provides Abortions
"1873 S. Commercenter West, San Bernardino CA 92408",CA,Provides Abortions
"1421 E. 17th Street, Santa Ana, CA 92705",CA,Provides Abortions
"918 W Foothill Blvd. #A, Upland, CA 91786",CA,Provides Abortions
"14372 Beach Blvd., Westminster, CA 92683",CA,Provides Abortions
"5978 Powers Avenue, Jacksonville, FL 32217",FL,Provides Abortions
"8177 Glades Rd., Bay 25, Boca Raton, FL 33434",FL,Provides Abortions
"585 N.W. 161 St. Suites 200-300, Miami, FL 33169",FL,Provides Abortions
"1378 Coral Way, 4th Fl, Miami, FL 33145",FL,Provides Abortions
"8900 SW 117th Avenue Unit 207-B, Miami, FL 33186",FL,Provides Abortions
"263 North University Drive, Pembroke Pines, FL 33024",FL,Provides Abortions
"2618 W Tennessee Street, Tallahassee, FL 32304",FL,Provides Abortions
"1696 SE Hillmoor Dr, Port Saint Lucie, FL 34952",FL,Provides Abortions
"10111 Forest Hill Blvd, Suite 340, Wellington, FL 33414",FL,Provides Abortions
"4697 Main Street, Bridgeport, CT 06606",CT,Provides Abortions
"1229 Albany Avenue, Hartford, CT 06112",CT,Provides Abortions
"319B Main Street, Manchester, CT 06040",CT,Provides Abortions
"26 Women's Way, Meriden, CT 06451",CT,Provides Abortions
"345 Whitney Avenue, New Haven, CT 06511",CT,Provides Abortions
"12 Case Street, Norwich, CT 06360",CT,Provides Abortions
"175 Broad Street, Providence, RI 02903",RI,Provides Abortions
"35 Sixth Street, Stamford, CT 06902",CT,Provides Abortions
"969 W Main Street, Waterbury, CT 06708",CT,Provides Abortions
"1030 New Britain Ave, West Hartford, CT 06110",CT,Provides Abortions
"1548 W Main Street, Willimantic, CT 06226",CT,Provides Abortions
"11500 University Blvd, Orlando, FL 32817",FL,Provides Abortions
"6418 Commerce Park Drive, Fort Myers, FL 33966",FL,Provides Abortions
"610 Oak Commons Blvd., Kissimmee, FL 34741",FL,Provides Abortions
"236 E. Bearss Avenue, Tampa, FL 33613",FL,Provides Abortions
"736 Central Avenue, Sarasota, FL 34236",FL,Provides Abortions
"2314 Auburn Avenue, Cincinnati, OH 45219",OH,Provides Abortions
"1532 Siskiyou Blvd., Ashland, OR 97520",OR,Provides Abortions
"3579 Franklin Blvd, Eugene, OR 97403",OR,Provides Abortions
"160 NW Franklin Blvd., Grants Pass, OR 97526",OR,Provides Abortions
"125 South Central, Medford, OR 97501",OR,Provides Abortions
"793 N. Danebo Avenue, Eugene, OR 97402",OR,Provides Abortions
"710 North Cherry St., Knoxville, TN 37914",TN,Provides Abortions
"2430 Poplar Avenue, Memphis, TN 38112",TN,Provides Abortions
"835 Virginia Run Cove, Memphis, TN 38122",TN,Provides Abortions
"412 Dr. D.B. Todd, Jr. Blvd., Nashville, TN 37203",TN,Provides Abortions
"3668 N. Harbor Lane, Boise, ID 83703",ID,Provides Abortions
"723 NE Riddell Road, Suite A, Bremerton, WA 98310",WA,Provides Abortions
"2001 E Madison, Seattle, WA 98122",WA,Provides Abortions
"1020 W Main Street, Centralia, WA 98531",WA,Provides Abortions
"14730 NE 8th St., Bellevue, WA 98007",WA,Provides Abortions
"1509 32nd St., Everett, WA 98201",WA,Provides Abortions
"1105 S 348th Street #B103, Federal Way, WA 98003",WA,Provides Abortions
"1229 Madison Street, Seattle, WA 98104",WA,Provides Abortions
"10056 SE 240th #A, Kent, WA 98031",WA,Provides Abortions
"19505 76th Ave W. 200, Lynnwood, WA 98036",WA,Provides Abortions
"10210 State Ave., Marysville, WA 98271",WA,Provides Abortions
"2112 East Franklin Road, Meridian, ID 83642",ID,Provides Abortions
"402 Legion Way, Suite 201, Olympia, WA 98501",WA,Provides Abortions
"426 East 8th Street, Port Angeles, WA 98362",WA,Provides Abortions
"702-30th Ave SW, Puyallup, WA 98373",WA,Provides Abortions
"2505 Olympic Hwy N, #400, Shelton, WA 98584",WA,Provides Abortions
"1515 Martin Luther King Jr. Way, Tacoma , WA 98405",WA,Provides Abortions
"200 Second Ave N., Twin Falls, ID 83301",ID,Provides Abortions
"9942 8th Avenue SW, Seattle, WA 98106",WA,Provides Abortions
"9 Miner Street, Canton, NY 13617",NY,Provides Abortions
"66 Brinkerhoff Street, Plattsburgh, NY 12901",NY,Provides Abortions
"41 St. Bernard St., Saranac Lake, NY 12983",NY,Provides Abortions
"160 Stone Street, Watertown, NY 13601",NY,Provides Abortions
"1463 South 4th Street, El Centro, CA 92243",CA,Provides Abortions
"1295 Broadway #201, Chula Vista, CA 91911",CA,Provides Abortions
"49-111 California 111 #6A, Coachella, CA 92236",CA,Provides Abortions
"4575 College Ave, San Diego, CA 92115",CA,Provides Abortions
"2079 Compton Avenue Suite #104, Corona, CA 92881",CA,Provides Abortions
"1685 E. Main St. #301, El Cajon, CA 92021",CA,Provides Abortions
"347 W. Mission Ave, Escondido, CA 92025",CA,Provides Abortions
"220 Euclid Ave, Suite 30, San Diego, CA 92114",CA,Provides Abortions
"2017 First Ave, San Diego, CA 92101",CA,Provides Abortions
"7526 Clairemont Mesa Blvd, San Diego, CA 92111",CA,Provides Abortions
"10737 Camino Ruiz #258, San Diego, CA 92126",CA,Provides Abortions
"4501 Mission Bay Drive, San Diego, CA 92109",CA,Provides Abortions
"12900 Frederick Street, Suite C, Moreno Valley, CA 92553",CA,Provides Abortions
"71777 San Jacinto Drive, Suite 202, Rancho Mirage, CA 92270",CA,Provides Abortions
"3772 Tibbetts, Riverside, CA 92506",CA,Provides Abortions
"1964 Via Centre, Vista, CA 92081",CA,Provides Abortions
"701 San Mateo NE, Albuquerque, NM 87108",NM,Provides Abortions
"730 St. Michael's Drive, Suite 4B, Santa Fe, NM 87505",NM,Provides Abortions
"1560 12th Street #7, Alamosa, CO 81101",CO,Provides Abortions
"1284 S. Abilene St, Aurora, CO 80012",CO,Provides Abortions
"2525 Arapahoe Ave, Suite C-200, Boulder, CO 80302",CO,Provides Abortions
"3480 Centennial Blvd., Colorado Springs, CO 80907",CO,Provides Abortions
"20 West North Street Cortez, CO 81321",CO,Provides Abortions
"46 Suttle St., Durango, CO 81303",CO,Provides Abortions
"825 South Shields St, Suites 4 - 7, Fort Collins, CO 80521",CO,Provides Abortions
"50923 Highway 6 & 24, Glenwood Springs, CO 81601",CO,Provides Abortions
"3487B W 10th Street, Greeley, CO 80634",CO,Provides Abortions
"3300 E Flamingo Rd #25, Las Vegas, NV 89121",NV,Provides Abortions
"3220 W Charleston Blvd., Las Vegas, NV 89102",NV,Provides Abortions
"131 W County Line Rd, Littleton, CO 80129",CO,Provides Abortions
"7155 E 38th Ave, Denver, CO 80207",CO,Provides Abortions
"111 11th Street Unit 102, Steamboat Springs, CO 80487",CO,Provides Abortions
"317 Salem Place, Fairview Heights, IL 62208",IL,Provides Abortions
"4251 Forest Park Avenue, St. Louis, MO 63108",MO,Provides Abortions
"933 Liberty Avenue, Pittsburgh, PA 15222",PA,Provides Abortions
"3706 Orin Road, Madison, WI 53704",WI,Provides Abortions
"435 S. Water Street, Milwaukee, WI 53204",WI,Provides Abortions
"909 South Taylor Drive, Sheboygan, WI 53081",WI,Provides Abortions
"330 S. Garfield Ave. 3rd Floor, Suite 300, Alhambra, CA 91801",CA,Provides Abortions
"4070 Sterling Way, Baldwin Park, CA 91706",CA,Provides Abortions
"130 W Route 66, Glendora, CA 91740",CA,Provides Abortions
"1045 N. Lake Ave, Pasadena, CA 91104",CA,Provides Abortions
"68 McDowell St, Asheville, NC 28801",NC,Provides Abortions
"1765 Dobbins Drive, Chapel Hill, NC 27514",NC,Provides Abortions
"1312 Ashley River Rd., Charleston, SC 29407",SC,Provides Abortions
"700 South Torrence Street, Charlotte, NC 28204",NC,Provides Abortions
"2964 Hydraulic Road, Charlottesville, VA 22901",VA,Provides Abortions
"2712 Middleburg Drive, Suite 107, Columbia, SC 29204",SC,Provides Abortions
"4551 Yadkin Rd, Fayetteville, NC, 28303",NC,Provides Abortions
"2207 Peters Creek Road, Roanoke, VA 24017",VA,Provides Abortions
"1925 Tradd Court, Wilmington, NC 28401",NC,Provides Abortions
"3000 Maplewood Ave, Ste. 112, Winston-Salem, NC, 27103",NC,Provides Abortions
"2140 Babcock Rd, San Antonio, TX 78229",TX,Provides Abortions
"920 San Pedro Ave. Suite 150, San Antonio, TX 78212",TX,Provides Abortions
"220 Cobb Parkway North, Suite 500, Marietta, GA 30062",GA,Provides Abortions
"440 Moreland Avenue SE, Atlanta, GA 30316",GA,Provides Abortions
"798 Lawrenceville Suwannee Road, Suite 300, Lawrenceville, GA 30043",GA,Provides Abortions
"720 East 71st St, Savannah, GA 31405",GA,Provides Abortions
"1144 Locust Street, Philadelphia, PA 19107",PA,Provides Abortions
"1221 Powell Street, Norristown, PA 19401",PA,Provides Abortions
"8 S Wayne Street, West Chester, PA 19382",PA,Provides Abortions
"2751 Comly Road, Philadelphia, PA 19154",PA,Provides Abortions
"160 West Washington Street Suite 100, Hagerstown, MD 21740",MD,Provides Abortions
"5602 Baltimore National Pike, Suite 600, Baltimore, MD 21228",MD,Provides Abortions
"Jackson Place N, 966 Hungerford Drive, Suite 24, Rockville, MD, 20850",MD,Provides Abortions
"100 Northpoint Pkwy., West Palm Beach, FL 33407",FL,Provides Abortions
"12000 Shaker Boulevard, Cleveland, OH 44120",OH,Provides Abortions
"1180 Beacon Street, Suite 5B, Brookline, MA 02446",MA,Provides Abortions
"99 North La Cienega Blvd, Beverly Hills, CA 90211",CA,Provides Abortions
"14 DeKalb Ave, 2nd Floor, Brooklyn, NY 11201",NY,Provides Abortions
"512 First Avenue North, Fargo, ND 58102",ND,Provides Abortions
"811 South Perry Street, Montgomery, AL 36104",AL,Provides Abortions
"118 N Boulevard, Richmond, VA 23220",VA,Provides Abortions
"1119 2nd Street SW, Roanoke, VA 24016",VA,Provides Abortions
"3819 West Broadway, Minneapolis, MN 55422",MN,Provides Abortions
"78-13 Roosevelt Avenue, Jackson Heights, NY 11372",NY,Provides Abortions
"9540 Addison Avenue, Franklin Park, IL 60131",IL,Provides Abortions
"3131 La Canada Street, Las Vegas, NV 89169",NV,Provides Abortions
"1 Daniel Burnham Court, Suite 230C , San Francisco, CA 94109",CA,Provides Abortions
"3838 California Street, Suite 412, San Francisco , CA 94118",CA,Provides Abortions
"120 East 34th Street, Savannah, GA 31401",GA,Provides Abortions
"19305 West 7 Mile Rd, Detroit, MI, 48219",MI,Provides Abortions
"2638 East Florence Avenue, Huntington Park, CA 90255",CA,Provides Abortions
"1111 Spring Street, Suite G2, Silver Spring, MD 20910",MD,Provides Abortions
"1222 South Glendale Avenue #3, Glendale, CA 91205",CA,Provides Abortions
"1687 Erringer Road Suite 211B, Simi Valley, CA 93065",CA,Provides Abortions
"1000 South Avenue, Rochester, NY 14620",NY,Provides Abortions
"106 Valley Street, South Orange, NJ 07079-2886",NJ,Provides Abortions
"522 Lomas Blvd. NE, Albuquerque, NM 87102",NM,Provides Abortions
"8616 Greenville Ave, Ste 101, Dallas, TX 75243",TX,Provides Abortions
"375 Seguine Ave, Staten Island, NY 10309",NY,Provides Abortions
"3209 N California St, Stockton, CA 95204",CA,Provides Abortions
"33 Walt Whitman Rd, Suite 228, Huntington, NY 11746",NY,Provides Abortions
"498 Route 111, Smithtown, NY 11787",NY,Provides Abortions
"1874 Piedmont Ave NE, Suite 500-E, Atlanta, GA 30324",GA,Provides Abortions
"15801 W. McNichols Rd, Detroit, MI, 48235",MI,Provides Abortions
"17070 Red Oak Dr., Ste. 509, Houston, TX 77090",TX,Provides Abortions
"3101 Richmond Ave., #250, Houston, TX 77098",TX,Provides Abortions
"1580 Valencia St. Suite 508, San Francisco, CA 94110",CA,Provides Abortions
"2550 Sweet Home Road, Amherst, NY 14228",NY,Provides Abortions
"1 Foxhall Avenue, Kingston, NY 12401",NY,Provides Abortions
"16 East 16th Street, New York, NY 10003",NY,Provides Abortions
"1 Main St., Suite N1, Hartford, CT 06106",CT,Provides Abortions
"3250 South Dixie Hwy. (U.S. 1), Miami, FL 33133",FL,Provides Abortions
"5525 Etiwanda Ave., #216, Tarzana, CA 91356",CA,Provides Abortions
"1240 S.W. 44th St., Oklahoma City, OK 73109",OK,Provides Abortions
"5107 E. Kellogg Ave., Wichita, KS 67218",KS,Provides Abortions
"800 Washington Street, Boston, MA 02111",MA,Provides Abortions
"6136 East 32nd Place, Tulsa, OK 74135",OK,Provides Abortions
"33 Kendall Street, Worcester, MA 01605",MA,Provides Abortions
"101 Manning Drive, Chapel Hill, NC, 27514",NC,Provides Abortions
"UW Medical Center-Roosevelt II, 4th Floor, Women's Health Center, 4245 Roosevelt Way N.E., Seattle, WA 98105",WA,Provides Abortions
"855 Central Ave., Albany, NY 12206",NY,Provides Abortions
"804 Columbia Street, Hudson, NY 12534",NY,Provides Abortions
"200 Broadway, Troy, NY 12180",NY,Provides Abortions
"403 Yale Drive, Hampton, VA 23666",VA,Provides Abortions
"201 N Hamilton Street, Richmond, VA 23221",VA,Provides Abortions
"515 Newtown Road, Virginia Beach, VA 23462",VA,Provides Abortions
"715 E. 3900 S. #203, Salt Lake City, UT 84109",UT,Provides Abortions
"2112 F Street, N.W. Suite 400, Washington, DC 20037",DC,Provides Abortions
"32 East 1st Street, Duluth, MN 55802",MN,Provides Abortions
"535 Jack Warner Pkwy, Suite 1, Tuscaloosa, AL 35404",AL,Provides Abortions
"5915 Tyrone Rd, Reno, NV 89502",NV,Provides Abortions
"22110 Roscoe Blvd, #104, Canoga Park, CA 91304",CA,Provides Abortions
"2839 Duke Street, Alexandria, VA 22314",VA,Provides Abortions
"2321 Commonwealth Drive, Charlottesville, VA 22901",VA,Provides Abortions
"4100 Duval Rd., Bldg. 2, Suite 201, Austin, TX 78759",TX,Provides Abortions
"3256 Lackland Rd., Fort Worth, TX, 76116",TX,Provides Abortions
"802 South Main St., McAllen, TX, 78501",TX,Provides Abortions
"8053 E Bloomington Fwy #450, Bloomington, MN 55420",MN,Provides Abortions
"7648 Belair Road, Nottingham, Baltimore, MD 21236",MD,Provides Abortions
"3511 Lincoln Way W, South Bend, IN 46628",IN,Provides Abortions
"51 Fifth Ave, Arcadia, CA 91006",CA,Provides Abortions
"1560 S Highland Ave, Clearwater, FL 33756",FL,Provides Abortions
"3401 66th St N, St. Petersburg, FL 33710",FL,Provides Abortions
"2010 E Fletcher Ave, Tampa, FL 33612",FL,Provides Abortions
"16876 NE 19th Avenue, North Miami Beach, FL 33162",FL,Provides Abortions
"2 Dudley Street, 5th Floor, Providence, RI 02905",RI,Provides Abortions
"4801 West Peterson Ave., Suite 609, Chicago, IL 60646",IL,Provides Abortions
"18051 Crenshaw Blvd, Suite #C, Torrance, CA 90504",CA,Provides Abortions
"15650 East Eight Mile Road, Detroit, MI 48205",MI,Provides Abortions
"11474 East 15 Mile Road, Sterling Heights, MI 48312",MI,Provides Abortions
"6765 Orchard Lake Road, West Bloomfield, MI 48322",MI,Provides Abortions
"200 Motor Parkway, Suite 23D, Hauppague, NY 11788",NY,Provides Abortions
"10 Zabriskie Street, Hackensack, NJ 07601",NJ,Provides Abortions
"6721 Avenue U, Corner E. 68th Street, Brooklyn, NY 11234",NY,Provides Abortions
"37-54 75th St, Jackson Heights, NY 11372",NY,Provides Abortions
"1735 Mission Street, San Francisco, CA 94103",CA,Provides Abortions
"555 E. Broadway, Suite 108, Jackson, WY 83002",WY,Provides Abortions
"2701 General Pershing St, New Orleans, LA 70115",LA,Provides Abortions
"G-3422 Flushing Road, Diplomat Plaza, Flint, MI, 48504",MI,Provides Abortions
"3141 S. Cabaret Trail, Suite #100, Saginaw, MI, 48603",MI,Provides Abortions
"510 Washington St West, Charleston, WV 25302",WV,Provides Abortions
"824 Franklin Park Drive, East Syracuse, NY 13057",NY,Provides Abortions
"111 Harvard St, Brookline, MA 02446",MA,Provides Abortions
"1469 Humboldt Road, Suite 200, Chico, CA 95928",CA,Provides Abortions
"984 Plaza Drive, Grass Valley, CA 95945",CA,Provides Abortions
"1901 Victor Avenue, Redding, CA 96002",CA,Provides Abortions
"1401 E. Stroop Road, Dayton, OH 45429",OH,Provides Abortions
"1201 N. Arlington Ave, Indianapolis, IN 46219",IN,Provides Abortions
"112 S. Munn Ave, East Orange, NJ 07018",NJ,Provides Abortions
"2284 East Maple Ave, El Segundo, CA 90245",CA,Provides Abortions
"12304 Santa Monica Blvd, Suite 208, Los Angeles, CA 90025",CA,Provides Abortions
"8200 Wednesbury Lane, Ste 230, Houston, TX 77074",TX,Provides Abortions
"40 Temple Street, 3rd Floor, Suite 3C, New Haven, CT 06519",CT,Provides Abortions
"6721 Karl Road, Columbus, OH 43229",OH,Provides Abortions
"1001 Potrero Ave, Building 5, Ward 6G, San Francisco, CA 94110",CA,Provides Abortions
"210 South St. Ste. 4, Bennington, VT 05201",VT,Provides Abortions
"11 Burnham Avenue, Rutland, VT 05701",VT,Provides Abortions
